status_id,order_id,status,changed_at,changed_by
1,1,pending,2024-10-25 03:00:00,admin
2,1,confirmed,2024-10-26 11:00:00,customer
3,1,processing,2024-10-27 03:00:00,customer
4,2,pending,2024-11-11 12:00:00,admin
5,2,confirmed,2024-11-12 10:00:00,admin
6,2,processing,2024-11-13 08:00:00,admin
7,3,pending,2024-11-16 08:00:00,system
8,4,pending,2024-06-25 07:00:00,system
9,4,confirmed,2024-06-26 11:00:00,admin
10,5,pending,2024-10-22 12:00:00,system
11,5,confirmed,2024-10-23 10:00:00,admin
12,5,processing,2024-10-24 10:00:00,system
13,6,pending,2024-08-30 03:00:00,customer
14,7,pending,2024-09-16 12:00:00,admin
15,7,confirmed,2024-09-17 05:00:00,admin
16,8,pending,2024-08-15 07:00:00,system
17,8,confirmed,2024-08-16 07:00:00,system
18,8,processing,2024-08-17 10:00:00,customer
19,9,pending,2024-11-06 01:00:00,admin
20,9,confirmed,2024-11-07 03:00:00,customer
21,9,processing,2024-11-08 01:00:00,customer
22,10,pending,2024-10-14 04:00:00,admin
23,10,confirmed,2024-10-15 00:00:00,system
24,11,pending,2024-07-22 05:00:00,admin
25,12,pending,2024-09-26 02:00:00,admin
26,12,confirmed,2024-09-27 11:00:00,system
27,12,processing,2024-09-28 12:00:00,system
28,13,pending,2024-08-25 10:00:00,system
29,13,confirmed,2024-08-26 05:00:00,customer
30,14,pending,2024-06-02 07:00:00,admin
31,15,pending,2024-07-14 09:00:00,system
32,16,pending,2024-06-23 02:00:00,customer
33,16,confirmed,2024-06-24 06:00:00,customer
34,17,pending,2024-09-12 06:00:00,admin
35,17,confirmed,2024-09-13 06:00:00,system
36,18,pending,2024-10-15 03:00:00,customer
37,19,pending,2024-06-04 05:00:00,customer
38,19,confirmed,2024-06-05 03:00:00,system
39,20,pending,2024-06-02 10:00:00,customer
40,20,confirmed,2024-06-03 03:00:00,system
41,20,processing,2024-06-04 11:00:00,admin
42,21,pending,2024-07-04 01:00:00,admin
43,21,confirmed,2024-07-05 08:00:00,customer
44,22,pending,2024-07-13 01:00:00,system
45,22,confirmed,2024-07-14 04:00:00,admin
46,23,pending,2024-10-12 09:00:00,customer
47,23,confirmed,2024-10-13 05:00:00,admin
48,24,pending,2024-07-05 05:00:00,admin
49,24,confirmed,2024-07-06 05:00:00,system
50,24,processing,2024-07-07 02:00:00,admin
51,25,pending,2024-07-29 03:00:00,customer
52,26,pending,2024-07-25 11:00:00,system
53,27,pending,2024-10-08 02:00:00,system
54,27,confirmed,2024-10-09 05:00:00,customer
55,27,processing,2024-10-10 10:00:00,system
56,28,pending,2024-11-11 04:00:00,customer
57,28,confirmed,2024-11-12 09:00:00,system
58,29,pending,2024-06-13 10:00:00,system
59,29,confirmed,2024-06-14 10:00:00,system
60,29,processing,2024-06-15 00:00:00,customer
61,30,pending,2024-09-15 07:00:00,admin
62,31,pending,2024-10-19 04:00:00,admin
63,32,pending,2024-07-10 03:00:00,customer
64,32,confirmed,2024-07-11 10:00:00,customer
65,32,processing,2024-07-12 00:00:00,admin
66,33,pending,2024-11-17 01:00:00,customer
67,33,confirmed,2024-11-18 08:00:00,admin
68,34,pending,2024-11-03 11:00:00,system
69,34,confirmed,2024-11-04 06:00:00,system
70,34,processing,2024-11-05 08:00:00,customer
71,35,pending,2024-07-01 04:00:00,system
72,35,confirmed,2024-07-02 12:00:00,system
73,35,processing,2024-07-03 07:00:00,system
74,36,pending,2024-07-22 12:00:00,admin
75,36,confirmed,2024-07-23 08:00:00,system
76,36,processing,2024-07-24 05:00:00,customer
77,37,pending,2024-08-15 02:00:00,system
78,37,confirmed,2024-08-16 08:00:00,admin
79,38,pending,2024-11-24 07:00:00,admin
80,39,pending,2024-06-01 00:00:00,customer
81,40,pending,2024-06-29 09:00:00,customer
82,41,pending,2024-07-09 01:00:00,customer
83,41,confirmed,2024-07-10 01:00:00,customer
84,42,pending,2024-06-26 04:00:00,customer
85,42,confirmed,2024-06-27 03:00:00,admin
86,42,processing,2024-06-28 04:00:00,admin
87,43,pending,2024-06-13 01:00:00,system
88,43,confirmed,2024-06-14 00:00:00,admin
89,44,pending,2024-11-21 05:00:00,admin
90,44,confirmed,2024-11-22 11:00:00,system
91,45,pending,2024-06-12 00:00:00,system
92,46,pending,2024-11-13 02:00:00,admin
93,46,confirmed,2024-11-14 05:00:00,admin
94,46,processing,2024-11-15 09:00:00,admin
95,47,pending,2024-06-24 05:00:00,admin
96,47,confirmed,2024-06-25 02:00:00,system
97,47,processing,2024-06-26 06:00:00,admin
98,48,pending,2024-08-09 06:00:00,customer
99,48,confirmed,2024-08-10 07:00:00,admin
100,49,pending,2024-07-13 01:00:00,system
101,49,confirmed,2024-07-14 11:00:00,customer
102,49,processing,2024-07-15 00:00:00,system
103,50,pending,2024-09-15 09:00:00,admin
104,51,pending,2024-11-21 07:00:00,system
105,51,confirmed,2024-11-22 09:00:00,admin
106,51,processing,2024-11-23 12:00:00,admin
107,52,pending,2024-06-08 10:00:00,customer
108,52,confirmed,2024-06-09 02:00:00,admin
109,52,processing,2024-06-10 07:00:00,system
110,53,pending,2024-09-21 00:00:00,system
111,53,confirmed,2024-09-22 04:00:00,customer
112,54,pending,2024-06-04 11:00:00,customer
113,54,confirmed,2024-06-05 08:00:00,customer
114,55,pending,2024-10-23 03:00:00,customer
115,55,confirmed,2024-10-24 05:00:00,customer
116,55,processing,2024-10-25 08:00:00,customer
117,56,pending,2024-11-06 01:00:00,admin
118,56,confirmed,2024-11-07 10:00:00,customer
119,56,processing,2024-11-08 03:00:00,admin
120,57,pending,2024-11-17 10:00:00,customer
121,57,confirmed,2024-11-18 06:00:00,system
122,58,pending,2024-11-04 00:00:00,system
123,58,confirmed,2024-11-05 10:00:00,system
124,58,processing,2024-11-06 08:00:00,admin
125,59,pending,2024-07-13 01:00:00,admin
126,59,confirmed,2024-07-14 05:00:00,system
127,60,pending,2024-08-11 00:00:00,customer
128,60,confirmed,2024-08-12 03:00:00,customer
129,61,pending,2024-09-05 06:00:00,system
130,61,confirmed,2024-09-06 01:00:00,admin
131,61,processing,2024-09-07 07:00:00,customer
132,62,pending,2024-06-23 07:00:00,admin
133,62,confirmed,2024-06-24 05:00:00,system
134,63,pending,2024-11-15 00:00:00,system
135,63,confirmed,2024-11-16 06:00:00,admin
136,64,pending,2024-10-21 08:00:00,system
137,65,pending,2024-11-02 09:00:00,customer
138,66,pending,2024-10-09 08:00:00,system
139,66,confirmed,2024-10-10 10:00:00,customer
140,67,pending,2024-08-27 05:00:00,system
141,67,confirmed,2024-08-28 03:00:00,admin
142,68,pending,2024-10-22 12:00:00,customer
143,68,confirmed,2024-10-23 09:00:00,admin
144,69,pending,2024-11-16 05:00:00,customer
145,69,confirmed,2024-11-17 07:00:00,system
146,69,processing,2024-11-18 01:00:00,customer
147,70,pending,2024-06-01 05:00:00,admin
148,71,pending,2024-08-14 08:00:00,customer
149,71,confirmed,2024-08-15 05:00:00,customer
150,71,processing,2024-08-16 01:00:00,system
151,72,pending,2024-10-05 02:00:00,customer
152,73,pending,2024-09-13 01:00:00,admin
153,73,confirmed,2024-09-14 09:00:00,system
154,73,processing,2024-09-15 03:00:00,system
155,74,pending,2024-07-26 07:00:00,system
156,74,confirmed,2024-07-27 11:00:00,admin
157,75,pending,2024-09-15 00:00:00,customer
158,76,pending,2024-10-29 01:00:00,admin
159,76,confirmed,2024-10-30 07:00:00,customer
160,76,processing,2024-10-31 09:00:00,customer
161,77,pending,2024-10-06 00:00:00,customer
162,78,pending,2024-06-13 08:00:00,admin
163,78,confirmed,2024-06-14 09:00:00,admin
164,78,processing,2024-06-15 08:00:00,system
165,79,pending,2024-10-27 02:00:00,customer
166,79,confirmed,2024-10-28 02:00:00,system
167,79,processing,2024-10-29 06:00:00,customer
168,80,pending,2024-11-03 05:00:00,customer
169,80,confirmed,2024-11-04 06:00:00,admin
170,80,processing,2024-11-05 09:00:00,customer
171,81,pending,2024-08-10 06:00:00,admin
172,82,pending,2024-09-24 12:00:00,system
173,82,confirmed,2024-09-25 02:00:00,admin
174,83,pending,2024-11-27 11:00:00,customer
175,83,confirmed,2024-11-28 04:00:00,customer
176,83,processing,2024-11-29 08:00:00,admin
177,84,pending,2024-10-20 10:00:00,system
178,84,confirmed,2024-10-21 03:00:00,system
179,84,processing,2024-10-22 09:00:00,customer
180,85,pending,2024-11-23 05:00:00,customer
181,85,confirmed,2024-11-24 02:00:00,customer
182,86,pending,2024-07-16 08:00:00,customer
183,86,confirmed,2024-07-17 11:00:00,customer
184,86,processing,2024-07-18 05:00:00,customer
185,87,pending,2024-08-30 08:00:00,admin
186,88,pending,2024-10-25 10:00:00,customer
187,88,confirmed,2024-10-26 06:00:00,customer
188,88,processing,2024-10-27 11:00:00,customer
189,89,pending,2024-09-17 12:00:00,system
190,89,confirmed,2024-09-18 08:00:00,system
191,90,pending,2024-09-06 02:00:00,system
192,91,pending,2024-06-15 03:00:00,admin
193,91,confirmed,2024-06-16 12:00:00,system
194,91,processing,2024-06-17 04:00:00,customer
195,92,pending,2024-07-08 00:00:00,customer
196,92,confirmed,2024-07-09 12:00:00,admin
197,93,pending,2024-10-17 00:00:00,admin
198,94,pending,2024-06-27 09:00:00,customer
199,94,confirmed,2024-06-28 11:00:00,customer
200,95,pending,2024-11-13 08:00:00,admin
201,96,pending,2024-10-09 12:00:00,customer
202,97,pending,2024-11-25 10:00:00,system
203,97,confirmed,2024-11-26 06:00:00,admin
204,98,pending,2024-11-23 05:00:00,customer
205,98,confirmed,2024-11-24 00:00:00,system
206,99,pending,2024-08-04 03:00:00,customer
207,99,confirmed,2024-08-05 12:00:00,admin
208,99,processing,2024-08-06 03:00:00,customer
209,100,pending,2024-11-13 05:00:00,customer
210,100,confirmed,2024-11-14 08:00:00,customer
211,100,processing,2024-11-15 09:00:00,system
