contact_id,customer_id,first_name,last_name,email,phone,role
1,76,Mark,Gibson,kathleen64@example.com,517-208-0531x003,CTO
2,1,Christine,Allen,kcaldwell@example.org,645.829.9124x190,IT Manager
3,91,Randy,Espinoza,vargasmaria@example.org,749-319-0586,IT Manager
4,30,William,Peterson,gshort@example.com,(672)762-8498x776,IT Manager
5,5,Melissa,Rivas,ramirezshannon@example.com,001-596-750-7527,Procurement
6,10,Lauren,Peterson,angela83@example.org,367.683.7770,Director
7,31,Jeffrey,Holt,elizabeth57@example.net,356.485.5744x43135,Procurement
8,86,James,Rodgers,jenny89@example.com,434-635-2408,CEO
9,28,Brandon,Brown,heidi27@example.org,6949777520,Director
10,17,Danny,Jones,ojones@example.net,8225941318,Director
11,74,Kimberly,James,levans@example.com,399-409-1334x1232,CEO
12,32,Aaron,Hayes,ocarter@example.com,001-447-613-4936x183,CEO
13,53,Margaret,Jones,lauralarson@example.net,271-874-6488x7719,CTO
14,13,Jessica,Munoz,davissuzanne@example.net,001-604-490-2787,IT Manager
15,85,Wendy,Graham,ecosta@example.com,(755)612-5674x68071,CEO
16,46,Marcus,Cordova,ahancock@example.net,+1-976-203-8597,CEO
17,53,James,Dunn,samuel71@example.org,+1-393-424-8086x1317,CEO
18,94,Tyrone,Moran,robert77@example.org,682.263.9821x465,IT Manager
19,87,Justin,Evans,cgrimes@example.net,855.288.6753x3963,IT Manager
20,8,Louis,Kennedy,qhughes@example.net,(370)928-9517,CEO
21,94,Alexis,Thomas,charlesharrington@example.com,696-515-8657x80913,Procurement
22,14,Julie,Hamilton,hodgesjane@example.org,524.800.5045x562,CTO
23,25,Ashlee,Sparks,gregorylynch@example.com,+1-637-492-3747x407,CTO
24,69,Charles,Landry,danielle64@example.com,836-671-3695x9440,CEO
25,18,Alan,Grimes,lozanojulie@example.com,001-739-453-3942x10470,CEO
26,24,Christopher,Phillips,ithompson@example.net,(488)542-4745x171,Procurement
27,60,Michelle,Ramsey,zcoffey@example.net,(716)304-8175x496,CTO
28,10,Emily,Ruiz,rose31@example.net,446.812.0047x113,CEO
29,71,Shawn,Santiago,umatthews@example.org,(717)796-4053x77351,IT Manager
30,7,Bruce,Hill,rushmadison@example.org,+1-539-500-5329x31839,Director
31,2,Mark,Hernandez,ramireztracey@example.org,+1-742-210-2053,IT Manager
32,97,Grant,Williams,vfox@example.org,975.289.1783x9084,CTO
33,22,Bruce,Mendoza,gsimmons@example.com,001-771-815-9212x499,CEO
34,63,Virginia,Schmidt,bwagner@example.org,001-318-736-7365x766,CEO
35,28,Ronald,Ortega,stephanie71@example.org,716-315-2809,CEO
36,8,Robert,Russo,uparrish@example.org,794-351-9832x7315,CTO
37,49,Kathryn,Andrews,xbruce@example.net,+1-480-494-0244x550,IT Manager
38,50,Ashley,Morales,joycebonilla@example.org,001-383-266-7525x4599,Procurement
39,59,Eric,Webster,craigjoseph@example.net,(979)676-4381x56149,Procurement
40,55,Brandon,Foster,smithkevin@example.org,001-724-345-1076x22683,Director
41,85,Randy,Harmon,esmith@example.com,001-769-466-4160,CEO
42,20,Laurie,Montgomery,christopher13@example.com,001-468-316-4535,CTO
43,38,William,Wilson,rebeccabailey@example.net,+1-923-912-4329x2127,CTO
44,8,Erin,Macias,michelle52@example.com,377-644-9058,Director
45,95,Steven,Johnson,marie11@example.net,+1-986-479-8079x359,Director
46,8,Susan,Hayes,toni18@example.net,(703)777-8892,Procurement
47,8,Samantha,Hughes,erika05@example.org,818-464-4925x19254,IT Manager
48,75,Brooke,Hurley,angelica52@example.net,001-981-568-5054x235,CEO
49,65,Jeremy,Taylor,phillipskristin@example.net,001-988-205-9296x22292,Director
50,21,Robert,Rhodes,tarabishop@example.net,838.834.7359x774,IT Manager
51,66,Tammy,Montoya,moniquewilliams@example.com,(881)381-4124x782,IT Manager
52,24,Stacey,Walker,bwilkerson@example.com,2687536153,IT Manager
53,77,Sarah,Combs,lacey20@example.com,827.379.0104x3289,IT Manager
54,87,Kimberly,Young,williamsrobert@example.net,811.279.8089x324,CTO
55,52,Christina,Allen,qlopez@example.org,651.288.8880x67065,IT Manager
56,73,Michael,Jones,jessicafuller@example.net,001-952-205-8527x7221,CTO
57,75,Kelly,Williams,ninastewart@example.com,868.874.0345x05415,Director
58,6,Julia,Kline,lmorgan@example.com,001-675-784-1616x928,Director
59,11,Curtis,Murphy,kirk96@example.org,001-775-470-5964x016,CEO
60,85,Stephanie,Thomas,ejohnson@example.org,001-455-769-0927x55719,Director
61,73,Raymond,Banks,susanjohnson@example.org,386.481.4473x9473,Director
62,41,Melissa,Hayes,zosborn@example.net,451-588-4422x58313,Procurement
63,27,Kristy,Johnson,tanner82@example.net,314-467-8669,Procurement
64,31,Teresa,Day,howens@example.com,(489)622-6801,Procurement
65,51,Fred,Morris,michaeleverett@example.com,343-484-2498,CTO
66,86,Brittany,Carpenter,donnale@example.net,690-601-0943x96907,Procurement
67,59,Timothy,Ballard,eevans@example.net,4277677359,Procurement
68,97,Michelle,Flores,theresa25@example.net,+1-415-337-1473,IT Manager
69,2,Brent,Dougherty,kwright@example.com,001-953-227-8774,CEO
70,80,Christopher,Long,nlevy@example.net,(400)647-9748x016,Director
71,13,Jessica,Gallagher,brandon09@example.net,658.341.6878,IT Manager
72,69,David,Davis,laura58@example.com,001-923-498-6800x02578,CTO
73,65,Catherine,Robertson,sarah52@example.com,+1-749-758-8879x470,Procurement
74,17,Emily,Whitney,laura09@example.com,599-230-9728x962,Procurement
75,9,Ashley,Graves,andrewedwards@example.org,(836)789-7028x38578,CTO
76,48,Sue,Stevens,amy49@example.com,934.784.3443,Procurement
77,21,Timothy,Castro,keith98@example.com,(652)640-4157x4733,CEO
78,70,Derrick,Gilbert,johnsantiago@example.net,230.416.5712,Procurement
79,79,Richard,Donovan,mwoods@example.com,440-619-3802x62067,Director
80,2,Nancy,Smith,hebertmatthew@example.com,+1-688-472-8743x1527,Director
81,39,Alexis,Rogers,ashley32@example.net,+1-266-685-1612x2753,IT Manager
82,18,Patrick,Griffin,stephanie49@example.net,001-404-853-0174,Procurement
83,15,Gina,Leblanc,hannah45@example.net,932.572.7956,IT Manager
84,96,Kathleen,Becker,foxallison@example.com,491-408-8398,Director
85,20,Mark,Meyer,frazierjennifer@example.com,287-907-2867,Procurement
86,37,Emily,Parker,fosterlisa@example.net,391.906.5180,Director
87,27,Anthony,Ortiz,katiegood@example.net,(456)576-6182x51286,Procurement
88,27,Mary,Avila,steven86@example.net,(533)575-2431x0690,Procurement
89,65,Carlos,Wheeler,tharper@example.org,606.573.8302,CEO
90,33,Lisa,Dennis,barbara53@example.com,(483)864-4089,IT Manager
91,12,Angela,Williams,shelly68@example.com,001-466-924-6287x334,CEO
92,36,Robin,Hart,igrant@example.com,543.251.7518,IT Manager
93,1,Joseph,Nunez,russojacob@example.net,001-583-873-5403x3173,Procurement
94,99,Rose,Arnold,oscar85@example.com,258-577-1753x556,CTO
95,82,Joyce,Smith,mphillips@example.com,969.937.8547,Procurement
96,21,Gary,Norton,donaldpayne@example.org,+1-508-301-0062,CEO
97,71,Jasmine,Smith,nbrooks@example.net,+1-697-270-0886x00848,CEO
98,72,Wayne,Wolfe,ldrake@example.org,682-833-9845,IT Manager
99,15,Christian,Chung,scunningham@example.org,910-816-6687x0021,IT Manager
100,89,Deanna,Rivera,jacobsonsamantha@example.org,297.440.1489,CTO
101,70,Sarah,Edwards,brendagoodwin@example.net,(714)229-3968x5621,IT Manager
102,48,Connor,Hall,petersonkayla@example.net,(850)347-7358x6629,Director
103,71,Kelsey,Phillips,jennifermiller@example.org,(426)355-1104x7541,CTO
104,56,Jacob,Cole,fgarcia@example.com,+1-819-395-6046,CTO
105,6,Jenny,Hansen,ashleyjackson@example.com,(824)644-7212,Procurement
106,47,Robert,Washington,wardsheryl@example.net,+1-879-793-7124x0659,IT Manager
107,46,Scott,Jordan,kevinmorrison@example.net,575.726.5479,CTO
108,88,Nicholas,Velasquez,kdiaz@example.org,001-382-880-7374,CTO
109,86,Emily,Taylor,john26@example.com,279-779-6886,IT Manager
110,46,Jacqueline,Burnett,rodriguezjohn@example.net,(529)509-6561x014,Director
111,53,Sean,Myers,michaeljohnson@example.org,961-312-5457x3875,Director
112,96,Samuel,Horton,carlos01@example.org,412-438-2825x86736,CTO
113,31,Danielle,Reynolds,mclaughlinnicole@example.com,001-366-403-3419,CTO
114,23,Michael,Gonzalez,bakermichelle@example.net,+1-659-369-6915x5792,CEO
115,4,Emily,Edwards,kevinwhite@example.net,(486)969-2966,CTO
116,95,Cynthia,Steele,angelaburns@example.org,(557)890-5072,Procurement
117,53,Tamara,Wagner,fortiz@example.com,001-677-421-9034x043,CTO
118,35,Kimberly,Cunningham,hdunn@example.net,848-358-0783,CTO
119,90,Jill,Valdez,kennethkidd@example.com,451-571-3395x962,IT Manager
120,49,Lisa,Trujillo,amanda98@example.org,444-794-8126x04223,IT Manager
121,61,Maria,Juarez,kburns@example.net,766-271-1684x577,CTO
122,26,Misty,Boone,simonstephen@example.net,001-751-486-3637x454,CEO
123,45,Ashlee,Washington,patricia00@example.org,+1-670-312-7706x3242,Procurement
124,30,Diamond,Wright,elizabeth20@example.com,+1-943-261-1037x1293,CTO
125,4,Alan,Cooper,mcneilrobert@example.org,413.361.1155x4262,CTO
126,52,Alyssa,Smith,scottbowen@example.net,001-826-797-3112x1965,Procurement
127,36,Kylie,Wright,wrightcarolyn@example.net,+1-540-943-8983x640,IT Manager
128,99,Paul,Allen,ricetiffany@example.com,626-596-5827x10910,Procurement
129,45,Bill,Brown,ohunter@example.net,566.461.8892x41418,Director
130,52,Amanda,Myers,collinssamuel@example.org,6314617990,Director
131,43,David,Zimmerman,martinstephanie@example.net,342.952.4105x64814,IT Manager
132,15,Spencer,Ward,kvillarreal@example.com,(241)591-3800,Procurement
133,23,Brandon,Cox,haroldhorne@example.org,+1-763-353-6541,Director
134,34,Wayne,Winters,jeffreyblack@example.org,(617)544-5187x0534,IT Manager
135,14,Steven,Vargas,xcuevas@example.org,001-883-620-6038x5050,Director
136,56,Dalton,Moreno,robertwoodward@example.org,001-441-803-8657x191,Procurement
137,94,Charles,Bradley,ibates@example.org,345-465-5743x1329,Procurement
138,56,Daniel,Cole,richard85@example.org,447.341.1249x035,Director
139,66,Jennifer,Schmitt,rpalmer@example.com,320-267-8831x712,IT Manager
140,50,Bryan,Norman,davidcolon@example.com,+1-219-994-1013x72151,Director
141,25,Brent,Glass,zunderwood@example.com,9664253244,Procurement
142,6,Austin,Harvey,deborahporter@example.net,701.946.2638x3806,CEO
143,1,Amy,Washington,paul20@example.com,+1-530-540-7859x321,Director
144,69,Joseph,Velasquez,gallagherstacie@example.net,(452)523-9559x0599,CTO
145,47,Mary,Cochran,lweaver@example.com,2107393087,CEO
146,9,Samantha,Harris,matthewthompson@example.com,7028921851,Procurement
147,80,Brenda,Rogers,derek26@example.net,452.289.5392x6442,Procurement
148,85,Stacy,Fry,xrosales@example.net,4297593917,IT Manager
149,93,Julie,Young,gary15@example.com,2438315410,Procurement
150,65,Samuel,Barnes,nicolesnyder@example.com,(286)717-9327x104,Procurement
151,86,Jose,Garcia,george62@example.net,481-859-9706,CEO
152,42,Eric,Garcia,terriortiz@example.net,001-284-744-3106x9872,CEO
153,90,Adam,Miller,bgonzalez@example.org,(641)371-4677,Procurement
154,71,Darlene,Hughes,nicole52@example.com,4473743490,CTO
155,25,Christopher,Cooper,larellano@example.org,+1-906-686-8793,CEO
156,86,Christian,Orr,shawrachel@example.net,+1-592-417-2233x20616,CEO
157,87,Mary,Scott,millerangela@example.net,348-370-9986x16229,CTO
158,79,Anna,Garcia,mikayla56@example.com,(279)897-0246x2996,Director
159,39,Pamela,Rivera,brandonalvarez@example.com,(705)644-4713x247,CEO
160,71,Jessica,Jacobs,lopezjason@example.com,001-278-450-8214x8628,IT Manager
161,39,James,Whitaker,wrightstephen@example.com,001-934-457-8610x357,Procurement
162,27,Susan,Wells,max41@example.com,6608293333,CEO
163,75,William,Hancock,wellsdavid@example.org,+1-503-949-4466x574,Director
164,84,Kevin,Meyer,asilva@example.net,+1-658-699-4417x15454,Procurement
165,60,Jacob,Holmes,racheltrujillo@example.net,(552)707-4466x6099,CEO
166,57,Jessica,Walker,qknox@example.com,542.782.4172x48251,CTO
167,66,Jeffrey,Savage,vfrench@example.com,594-371-7099x917,CEO
168,95,Mikayla,James,robert22@example.org,969-672-5217x52500,CTO
169,85,Jason,Ayala,tracygallagher@example.org,(296)566-6760,IT Manager
170,37,Jessica,Dodson,katherine83@example.org,+1-203-635-4216x89421,Director
171,85,Stacy,Bryant,ryan25@example.com,(432)360-3323x098,Director
172,43,Michael,Santos,brooksdanielle@example.net,+1-609-901-0016x761,IT Manager
173,97,Jacqueline,Harris,turnerdorothy@example.net,549.592.6189x14117,CTO
174,87,Kimberly,Decker,michaelortiz@example.org,3873375300,Procurement
175,29,Mary,Caldwell,stacychan@example.org,001-714-737-4470x1204,CTO
176,19,Ronald,Wilson,smithdevon@example.net,(455)379-4155,IT Manager
177,6,Richard,Rivers,mary76@example.net,(912)402-1697,CTO
178,61,Cheryl,Maxwell,huffmannichole@example.net,(777)216-7014,Director
179,99,Janet,Gregory,tiffanysantiago@example.com,489.916.3756x28900,IT Manager
180,59,Melissa,Booth,waltonmalik@example.com,908-338-6631x779,CEO
181,81,Melissa,West,hooperjulie@example.org,666-508-8019,Director
182,25,Diamond,Bryant,michael03@example.com,789-397-5711x30554,CEO
183,64,Brandon,Martin,lydianewton@example.com,549-733-1637,CEO
184,32,Daniel,Perry,bartonshannon@example.net,001-982-470-8086,CTO
185,84,Heather,Thompson,dalesandoval@example.net,686-769-3465x47226,IT Manager
186,97,Jennifer,Walls,jamesweber@example.com,+1-652-828-8515x87996,IT Manager
187,100,Lindsey,Mills,jamesbrian@example.org,242.744.2043,CEO
188,29,Lisa,Garcia,juliahoffman@example.org,540.766.6580x04397,CTO
189,90,Kari,Payne,kimberlybrandt@example.com,621.422.8160x648,Director
190,60,Eugene,Singleton,riverajenna@example.org,7253909479,IT Manager
191,72,Kristen,Stewart,susanmeyer@example.net,(768)786-1533,CTO
192,16,Michael,Robinson,wbarajas@example.net,7158739930,CEO
193,18,Ruth,Landry,uscott@example.com,5857887704,CEO
194,86,Willie,Vaughan,teresaayala@example.net,3134361386,Director
195,72,Andrew,Love,millerbrian@example.com,+1-819-734-6676,Director
196,41,Andre,Nunez,maychristine@example.net,001-301-658-1449,CEO
197,79,Kathy,Kim,bshort@example.com,(783)226-8424,Director
198,55,Angela,Peters,williamsashley@example.com,+1-481-443-5368,Director
199,58,Jack,Jensen,james29@example.org,001-487-581-4141x39755,CTO
200,96,Craig,Harvey,louishayes@example.net,+1-849-629-9556x20533,CEO
