resolution_id,ticket_id,resolved_by,resolution_notes,resolution_date
1,43,6,Consider compare remain toward some claim bring year off.,2026-08-15
2,41,4,Continue none alone first gas health music class feeling turn.,2026-08-25
3,12,2,Shoulder way until choose wife national medical positive far time wide senior.,2026-08-26
4,43,8,Son rock two full both look always.,2026-08-15
5,7,10,Final husband subject land begin area political.,2026-08-26
6,44,8,Sit short cultural base support quality whatever wish.,2026-08-19
7,21,9,Fish painting want training guess challenge take hard health expect goal within.,2026-08-28
8,7,8,Democratic thousand score indeed kind clearly road.,2026-08-26
9,12,5,Cause onto beat debate listen test would at whether series because.,2026-08-26
10,24,2,Increase new report sense carry control high network amount.,2026-08-08
11,44,2,Fight nice less agree able enjoy what strong line president throughout individual man.,2026-08-19
12,50,10,Agreement share manage wife out gun lose job election.,2026-08-06
13,24,6,Health run adult employee ok certainly leave.,2026-08-08
14,38,1,Clear evening information treatment green face morning view message short.,2026-08-09
15,6,4,Out cold follow first suddenly son even.,2026-08-25
16,10,10,Benefit oil statement actually million health machine future treat bill.,2026-08-22
17,48,1,Story somebody next ready weight suffer Republican reduce.,2026-08-07
18,10,3,Leave baby standard type look find guy stage threat our shake.,2026-08-22
19,35,9,Agreement sport develop task central dinner by candidate bad.,2026-08-09
20,20,7,Back simple serious amount blue soldier message.,2026-08-29
21,44,10,Training analysis feeling act benefit buy own.,2026-08-19
22,35,4,Continue goal before suffer walk we girl civil.,2026-08-09
23,13,6,Drop now between official add describe course example top Mr wind better degree.,2026-08-05
24,20,10,Hand operation keep whatever Congress great here Democrat dinner both world buy.,2026-08-29
25,50,5,Many guess explain reveal bank management his.,2026-08-06
26,26,6,Reach subject difficult imagine world into task thus sort.,2026-08-03
27,6,10,Conference your man black just probably be century husband opportunity.,2026-08-25
28,3,10,Ask window full organization wrong but study rise.,2026-08-14
29,40,7,Order series song wall green project wear would memory challenge lawyer business majority.,2026-08-29
30,10,5,Ahead scene store marriage ago condition painting.,2026-08-22
31,4,6,Perform benefit baby seem should society dark product make.,2026-08-18
32,41,1,Special music adult shake wrong they budget late table kind.,2026-08-25
33,3,9,News team field relationship man care resource maintain.,2026-08-14
34,22,2,Process rate occur live take media hot manager wife pay good within.,2026-07-31
35,20,1,Opportunity campaign hand special once she.,2026-08-29
36,16,7,Best generation group goal product easy possible or travel assume.,2026-08-29
37,43,7,College Mrs also price institution method inside after like against.,2026-08-15
38,48,6,Hope occur space beyond push from me share fund pass guy job market.,2026-08-07
39,24,7,Subject movie explain answer you I.,2026-08-08
40,24,7,Response official option event note most interview.,2026-08-08
